date,usd_zar
2015-12-31,15.5718
2016-01-04,15.5586
2016-01-05,15.6005
2016-01-06,15.8287
2016-01-07,16.1011
2016-01-08,16.0087
2016-01-11,16.5755
2016-01-12,16.587
2016-01-13,16.4897
2016-01-14,16.568
2016-01-15,16.6991
2016-01-18,16.7905
2016-01-19,16.665
2016-01-20,16.7687
2016-01-21,16.6578
2016-01-22,16.4825
2016-01-25,16.5123
2016-01-26,16.5065
2016-01-27,16.3302
2016-01-28,16.3061
2016-01-29,16.019
2016-02-01,16.0804
2016-02-02,16.0993
2016-02-03,16.1849
2016-02-04,15.8549
2016-02-05,15.8529
2016-02-08,16.2044
2016-02-09,16.1944
2016-02-10,15.8461
2016-02-11,15.8524
2016-02-12,15.893
2016-02-15,15.7526
2016-02-16,15.7325
2016-02-17,15.6537
2016-02-18,15.3967
2016-02-19,15.4452
2016-02-22,15.2808
2016-02-23,15.1246
2016-02-24,15.5409
2016-02-25,15.567
2016-02-26,15.6758
2016-02-29,16.0326
2016-03-01,15.8227
2016-03-02,15.6685
2016-03-03,15.7091
2016-03-04,15.613
2016-03-07,15.3709
2016-03-08,15.3686
2016-03-09,15.3785
2016-03-10,15.0723
2016-03-11,15.241
2016-03-14,15.4009
2016-03-15,15.8535
2016-03-16,16.2125
2016-03-17,15.3955
2016-03-18,15.2517
2016-03-21,15.3002
2016-03-22,15.3362
2016-03-23,15.35
2016-03-24,15.497
2016-03-29,15.4686
2016-03-30,14.9354
2016-03-31,14.7445
2016-04-01,14.7619
2016-04-04,14.6573
2016-04-05,14.972
2016-04-06,15.2439
2016-04-07,15.2385
2016-04-08,15.0684
2016-04-11,14.7458
2016-04-12,14.689
2016-04-13,14.7231
2016-04-14,14.5697
2016-04-15,14.5714
2016-04-18,14.5994
2016-04-19,14.2849
2016-04-20,14.2036
2016-04-21,14.1787
2016-04-22,14.3697
2016-04-25,14.4834
2016-04-26,14.485
2016-04-27,14.4661
2016-04-28,14.38
2016-04-29,14.1688
2016-05-02,14.1849
2016-05-03,14.4624
2016-05-04,14.7824
2016-05-05,14.9271
2016-05-06,14.961
2016-05-09,15.1055
2016-05-10,15.2277
2016-05-11,15.1404
2016-05-12,14.991
2016-05-13,15.1685
2016-05-16,15.5696
2016-05-17,15.6
2016-05-18,15.884
2016-05-19,15.8483
2016-05-20,15.7473
2016-05-23,15.6195
2016-05-24,15.6251
2016-05-25,15.6782
2016-05-26,15.595
2016-05-27,15.6254
2016-05-30,15.771
2016-05-31,15.7668
2016-06-01,15.6957
2016-06-02,15.593
2016-06-03,15.5799
2016-06-06,14.985
2016-06-07,14.8656
2016-06-08,14.7312
2016-06-09,14.825
2016-06-10,15.0906
2016-06-13,15.1757
2016-06-14,15.3557
2016-06-15,15.2285
2016-06-16,15.4144
2016-06-17,15.214
2016-06-20,14.8201
2016-06-21,14.676
2016-06-22,14.692
2016-06-23,14.457
2016-06-24,15.12
2016-06-27,15.3256
2016-06-28,15.2471
2016-06-29,14.9699
2016-06-30,14.8136
2016-07-01,14.5745
2016-07-04,14.4924
2016-07-05,14.7515
2016-07-06,14.8898
2016-07-07,14.66
2016-07-08,14.6962
2016-07-11,14.4423
2016-07-12,14.3037
2016-07-13,14.333
2016-07-14,14.212
2016-07-15,14.3483
2016-07-18,14.2663
2016-07-19,14.327
2016-07-20,14.2828
2016-07-21,14.2926
2016-07-22,14.2473
2016-07-25,14.2738
2016-07-26,14.4287
2016-07-27,14.2918
2016-07-28,14.2442
2016-07-29,14.1547
2016-08-01,13.8948
2016-08-02,13.9702
2016-08-03,13.9804
2016-08-04,13.739
2016-08-05,13.673
2016-08-08,13.6452
2016-08-09,13.5468
2016-08-10,13.2763
2016-08-11,13.3668
2016-08-12,13.506
2016-08-15,13.3583
2016-08-16,13.2381
2016-08-17,13.4541
2016-08-18,13.3581
2016-08-19,13.5104
2016-08-22,13.5879
2016-08-23,13.475
2016-08-24,14.1445
2016-08-25,14.13
2016-08-26,14.0498
2016-08-29,14.53
2016-08-30,14.3747
2016-08-31,14.5285
2016-09-01,14.67
2016-09-02,14.524
2016-09-05,14.3525
2016-09-06,14.2049
2016-09-07,14.0275
2016-09-08,13.9038
2016-09-09,14.3241
2016-09-12,14.4809
2016-09-13,14.2981
2016-09-14,14.332
2016-09-15,14.217
2016-09-16,14.135
2016-09-19,14.0293
2016-09-20,13.872
2016-09-21,13.712
2016-09-22,13.487
2016-09-23,13.5875
2016-09-27,13.55
2016-09-28,13.585
2016-09-29,13.7902
2016-09-30,13.909
2016-10-04,13.604
2016-10-05,13.7442
2016-10-06,13.8198
2016-10-07,13.8805
2016-10-10,13.8486
2016-10-11,14.263
2016-10-12,14.394
2016-10-13,14.2963
2016-10-14,14.2068
2016-10-17,14.238
2016-10-18,14.0465
2016-10-20,13.9107
2016-10-21,14.0319
2016-10-24,13.88
2016-10-25,13.834
2016-10-26,13.75
2016-10-27,13.8575
2016-10-28,13.8812
2016-10-31,13.565
2016-11-01,13.4957
2016-11-02,13.3775
2016-11-03,13.4621
2016-11-04,13.5329
2016-11-07,13.4555
2016-11-08,13.3464
2016-11-09,13.455
2016-11-10,13.8645
2016-11-11,14.2217
2016-11-14,14.3882
2016-11-15,14.183
2016-11-16,14.3335
2016-11-17,14.27
2016-11-18,14.3748
2016-11-21,14.22
2016-11-22,14.0569
2016-11-23,14.14
2016-11-24,14.2288
2016-11-28,13.885
2016-11-29,13.99
2016-11-30,14.0005
2016-12-01,14.075
2016-12-02,14.0813
2016-12-05,13.8409
2016-12-06,13.613
2016-12-07,13.563
2016-12-08,13.6742
2016-12-09,13.775
2016-12-12,13.726
2016-12-13,13.6871
2016-12-14,13.6704
2016-12-15,14.04
2016-12-16,13.9741
2016-12-20,14.0685
2016-12-21,13.9493
2016-12-22,14.057
2016-12-23,14.0104
2016-12-27,13.9581
2016-12-28,13.8963
2016-12-29,13.6728
2016-12-30,13.715
2017-01-02,13.7286
2017-01-03,13.7545
2017-01-04,13.6446
2017-01-05,13.641
2017-01-06,13.6159
2017-01-09,13.7055
2017-01-10,13.7005
2017-01-11,13.781
2017-01-12,13.4353
2017-01-13,13.5149
2017-01-16,13.6126
2017-01-17,13.4752
2017-01-18,13.5626
2017-01-19,13.5973
2017-01-20,13.624
2017-01-23,13.5565
2017-01-24,13.3646
2017-01-25,13.2725
2017-01-26,13.374
2017-01-27,13.526
2017-01-30,13.5945
2017-01-31,13.43
2017-02-01,13.4233
2017-02-02,13.3921
2017-02-03,13.4263
2017-02-06,13.2959
2017-02-07,13.4373
2017-02-08,13.4235
2017-02-09,13.41
2017-02-10,13.3471
2017-02-13,13.3417
2017-02-14,13.098
2017-02-15,13.046
2017-02-16,12.94
2017-02-17,13.0852
2017-02-20,13.11
2017-02-21,13.1599
2017-02-22,13.105
2017-02-23,12.88
2017-02-24,12.9151
2017-02-27,12.955
2017-02-28,13.0141
2017-03-01,13.082
2017-03-02,13.1062
2017-03-03,13.0828
2017-03-06,12.9951
2017-03-07,12.9575
2017-03-08,13.0644
2017-03-09,13.2669
2017-03-10,13.2643
2017-03-13,13.139
2017-03-14,13.16
2017-03-15,13.053
2017-03-16,12.7046
2017-03-17,12.76
2017-03-20,12.676
2017-03-21,12.5738
2017-03-22,12.595
2017-03-23,12.51
2017-03-24,12.4772
2017-03-27,12.6375
2017-03-28,12.9402
2017-03-29,13.1387
2017-03-30,12.8681
2017-03-31,13.32
2017-04-03,13.5546
2017-04-04,13.762
2017-04-05,13.7036
2017-04-06,13.8036
2017-04-07,13.8137
2017-04-10,13.889
2017-04-11,13.8368
2017-04-12,13.6902
2017-04-13,13.5282
2017-04-18,13.3871
2017-04-19,13.297
2017-04-20,13.1486
2017-04-21,13.1414
2017-04-24,12.9645
2017-04-25,13.0448
2017-04-26,13.2358
2017-04-27,13.3592
2017-04-28,13.257
2017-05-02,13.274
2017-05-03,13.3465
2017-05-04,13.5436
2017-05-05,13.5843
2017-05-08,13.576
2017-05-09,13.665
2017-05-10,13.49
2017-05-11,13.3662
2017-05-12,13.4549
2017-05-15,13.1989
2017-05-16,13.1374
2017-05-17,13.091
2017-05-18,13.5287
2017-05-19,13.2636
2017-05-22,13.1814
2017-05-23,13.2037
2017-05-24,12.9525
2017-05-25,12.895
2017-05-26,12.8714
2017-05-29,12.9475
2017-05-30,13.147
2017-05-31,13.1338
2017-06-01,13.05
2017-06-02,12.8704
2017-06-05,12.7404
2017-06-06,12.8487
2017-06-07,12.865
2017-06-08,12.8663
2017-06-09,12.8849
2017-06-12,12.8114
2017-06-13,12.775
2017-06-14,12.7374
2017-06-15,12.8715
2017-06-19,12.9787
2017-06-20,13.102
2017-06-21,13.0309
2017-06-22,13.0006
2017-06-23,12.9357
2017-06-27,12.9076
2017-06-28,13.018
2017-06-29,12.9905
2017-06-30,13.074
2017-07-03,13.1873
2017-07-04,13.2284
2017-07-05,13.3522
2017-07-06,13.48
2017-07-07,13.3759
2017-07-10,13.36
2017-07-11,13.555
2017-07-12,13.395
2017-07-13,13.2225
2017-07-14,13.168
2017-07-17,12.9436
2017-07-18,12.935
2017-07-19,12.9104
2017-07-20,12.9752
2017-07-21,12.9341
2017-07-24,12.9564
2017-07-25,13.0119
2017-07-26,13.0538
2017-07-27,12.9639
2017-07-28,13.0285
2017-07-31,13.1079
2017-08-01,13.285
2017-08-02,13.281
2017-08-03,13.2907
2017-08-04,13.3356
2017-08-07,13.3645
2017-08-08,13.1651
2017-08-09,13.4815
2017-08-11,13.4926
2017-08-14,13.2713
2017-08-15,13.3259
2017-08-16,13.2344
2017-08-17,13.2021
2017-08-18,13.2246
2017-08-21,13.205
2017-08-22,13.2025
2017-08-23,13.265
2017-08-24,13.2082
2017-08-28,13.045
2017-08-29,12.975
2017-08-30,13.055
2017-08-31,13.0713
2017-09-04,12.9439
2017-09-05,12.9433
2017-09-06,12.9046
2017-09-07,12.8112
2017-09-08,12.8627
2017-09-11,12.9313
2017-09-12,12.9724
2017-09-13,13.1142
2017-09-14,13.177
2017-09-15,13.175
2017-09-18,13.215
2017-09-19,13.3182
2017-09-20,13.2471
2017-09-22,13.2396
2017-09-25,13.2754
2017-09-26,13.3477
2017-09-27,13.5476
2017-09-28,13.5158
2017-09-29,13.505
2017-10-02,13.636
2017-10-03,13.7159
2017-10-04,13.56
2017-10-05,13.628
2017-10-06,13.7264
2017-10-09,13.7911
2017-10-10,13.6886
2017-10-11,13.5693
2017-10-12,13.503
2017-10-13,13.3825
2017-10-16,13.316
2017-10-17,13.4346
2017-10-18,13.533
2017-10-19,13.5442
2017-10-20,13.6841
2017-10-23,13.6892
2017-10-24,13.723
2017-10-25,13.8286
2017-10-26,14.2423
2017-10-27,14.2055
2017-10-30,14.0683
2017-10-31,14.1212
2017-11-01,14.1159
2017-11-02,13.987
2017-11-03,14.1268
2017-11-06,14.2017
2017-11-07,14.172
2017-11-08,14.1861
2017-11-09,14.2138
2017-11-13,14.558
2017-11-14,14.3833
2017-11-15,14.376
2017-11-16,14.2766
2017-11-17,14.0131
2017-11-20,14.055
2017-11-21,14.08
2017-11-23,13.8763
2017-11-24,13.9937
2017-11-27,13.7285
2017-11-28,13.7401
2017-11-29,13.6769
2017-11-30,13.6098
2017-12-01,13.7069
2017-12-04,13.63
2017-12-05,13.512
2017-12-06,13.5269
2017-12-07,13.6515
2017-12-08,13.6596
2017-12-11,13.6163
2017-12-12,13.6118
2017-12-13,13.622
2017-12-14,13.469
2017-12-18,12.8581
2017-12-19,12.7343
2017-12-20,12.673
2017-12-21,12.721
2017-12-22,12.7045
2017-12-27,12.4513
2017-12-28,12.345
2018-01-02,12.3498
2018-01-03,12.38
2018-01-04,12.3063
2018-01-05,12.3608
2018-01-08,12.4383
2018-01-09,12.3483
2018-01-10,12.4428
2018-01-11,12.461
2018-01-12,12.3985
2018-01-15,12.3022
2018-01-16,12.2625
2018-01-17,12.335
2018-01-18,12.2628
2018-01-19,12.2034
2018-01-22,12.1
2018-01-23,12.1276
2018-01-24,11.9659
2018-01-25,11.8976
2018-01-26,11.8915
2018-01-29,11.9763
2018-01-30,11.9136
2018-01-31,11.8664
2018-02-01,11.8986
2018-02-02,11.9741
2018-02-05,12.0285
2018-02-06,12.0625
2018-02-07,11.9663
2018-02-08,12.0802
2018-02-09,12.121
2018-02-12,11.9645
2018-02-13,11.9825
2018-02-14,11.8188
2018-02-15,11.6551
2018-02-16,11.6601
2018-02-19,11.653
2018-02-20,11.7436
2018-02-21,11.645
2018-02-22,11.7168
2018-02-23,11.5651
2018-02-26,11.593
2018-02-27,11.656
2018-02-28,11.7633
2018-03-01,11.93
2018-03-02,11.9451
2018-03-05,11.8775
2018-03-06,11.7194
2018-03-07,11.9042
2018-03-08,11.8887
2018-03-09,11.8995
2018-03-12,11.8487
2018-03-13,11.7779
2018-03-14,11.7628
2018-03-15,11.8566
2018-03-16,11.942
2018-03-19,12.0981
2018-03-20,11.9573
2018-03-21,11.9871
2018-03-22,11.8321
2018-03-23,11.7612
2018-03-26,11.6781
2018-03-27,11.6837
2018-03-28,11.6978
2018-03-29,11.8667
2018-04-03,11.823
2018-04-04,11.9198
2018-04-05,11.9265
2018-04-06,12.0776
2018-04-09,12.123
2018-04-10,12.0563
2018-04-11,12.0864
2018-04-12,11.9969
2018-04-13,12.053
2018-04-16,12.083
2018-04-17,12.0168
2018-04-18,11.9612
2018-04-19,11.9377
2018-04-20,12.0244
2018-04-23,12.2242
2018-04-24,12.3363
2018-04-25,12.5084
2018-04-26,12.388
2018-04-27,12.3974
2018-04-30,12.4283
2018-05-02,12.604
2018-05-03,12.625
2018-05-04,12.6272
2018-05-07,12.5802
2018-05-08,12.5637
2018-05-09,12.5727
2018-05-10,12.3793
2018-05-11,12.2771
2018-05-14,12.2561
2018-05-15,12.4875
2018-05-16,12.5241
2018-05-17,12.5378
2018-05-18,12.684
2018-05-21,12.8712
2018-05-22,12.5494
2018-05-23,12.6462
2018-05-24,12.4525
2018-05-25,12.5
2018-05-28,12.451
2018-05-29,12.6722
2018-05-30,12.565
2018-05-31,12.5678
2018-06-01,12.71
2018-06-04,12.529
2018-06-05,12.6963
2018-06-06,12.7855
2018-06-07,12.7875
2018-06-08,13.0867
2018-06-11,13.146
2018-06-12,13.1645
2018-06-13,13.253
2018-06-18,13.4569
2018-06-19,13.8636
2018-06-20,13.6783
2018-06-21,13.6575
2018-06-22,13.4929
2018-06-25,13.5284
2018-06-27,13.6835
2018-06-28,13.867
2018-06-29,13.766
2018-07-02,13.8079
2018-07-03,13.6921
2018-07-04,13.7114
2018-07-06,13.595
2018-07-09,13.3103
2018-07-10,13.4322
2018-07-11,13.4819
2018-07-12,13.4232
2018-07-13,13.3288
2018-07-16,13.182
2018-07-17,13.2721
2018-07-18,13.3546
2018-07-19,13.4625
2018-07-20,13.459
2018-07-23,13.5033
2018-07-24,13.33
2018-07-25,13.2101
2018-07-26,13.1921
2018-07-27,13.2445
2018-07-30,13.181
2018-07-31,13.0944
2018-08-01,13.2648
2018-08-02,13.4474
2018-08-06,13.4252
2018-08-07,13.2886
2018-08-08,13.4271
2018-08-09,13.4952
2018-08-10,13.9029
2018-08-13,14.3665
2018-08-14,14.1894
2018-08-15,14.6373
2018-08-16,14.5853
2018-08-17,14.9211
2018-08-20,14.585
2018-08-21,14.445
2018-08-22,14.2737
2018-08-23,14.2245
2018-08-24,14.25
2018-08-27,14.3096
2018-08-28,14.1669
2018-08-29,14.4233
2018-08-30,14.5484
2018-08-31,14.7393
2018-09-03,14.881
2018-09-04,15.2393
2018-09-05,15.5332
2018-09-06,15.32
2018-09-07,15.1124
2018-09-10,15.17
2018-09-11,15.0922
2018-09-12,15.0512
2018-09-13,14.7629
2018-09-14,14.8292
2018-09-17,14.97
2018-09-18,14.9251
2018-09-19,14.6571
2018-09-20,14.47
2018-09-21,14.365
2018-09-24,14.2352
2018-09-25,14.375
2018-09-26,14.299
2018-09-27,14.1071
2018-09-28,14.2059
2018-10-01,14.1587
2018-10-02,14.382
2018-10-03,14.3775
2018-10-04,14.6768
2018-10-05,14.7535
2018-10-08,14.8641
2018-10-09,15.0261
2018-10-10,14.6298
2018-10-11,14.5968
2018-10-12,14.4289
2018-10-15,14.4313
2018-10-16,14.2456
2018-10-17,14.2646
2018-10-18,14.2637
2018-10-19,14.3417
2018-10-22,14.2901
2018-10-23,14.3543
2018-10-24,14.352
2018-10-25,14.481
2018-10-26,14.7194
2018-10-29,14.4768
2018-10-30,14.6228
2018-10-31,14.8385
2018-11-01,14.5722
2018-11-02,14.34
2018-11-05,14.3562
2018-11-06,14.2064
2018-11-07,13.9476
2018-11-08,13.9697
2018-11-09,14.2679
2018-11-12,14.3676
2018-11-13,14.4307
2018-11-14,14.3436
2018-11-15,14.2625
2018-11-16,14.2063
2018-11-19,14.0126
2018-11-20,14.0644
2018-11-21,13.9381
2018-11-22,13.772
2018-11-23,13.8748
2018-11-26,13.8451
2018-11-27,13.7994
2018-11-28,13.9394
2018-11-30,13.7563
2018-12-03,13.6855
2018-12-04,13.6114
2018-12-05,13.7719
2018-12-06,14.0778
2018-12-07,14.1301
2018-12-10,14.3075
2018-12-11,14.3161
2018-12-12,14.2319
2018-12-13,14.1788
2018-12-14,14.3718
2018-12-17,14.3561
2018-12-18,14.3365
2018-12-19,14.2571
2018-12-20,14.1996
2018-12-21,14.4343
2018-12-24,14.628
2018-12-27,14.5212
2018-12-28,14.3623
2019-01-02,14.4841
2019-01-03,14.465
2019-01-04,14.1344
2019-01-07,13.8614
2019-01-08,14.0179
2019-01-09,13.9796
2019-01-10,13.8475
2019-01-11,13.8398
2019-01-14,13.8849
2019-01-16,13.705
2019-01-17,13.7715
2019-01-18,13.7859
2019-01-21,13.8665
2019-01-22,13.8907
2019-01-23,13.8717
2019-01-24,13.7871
2019-01-25,13.6524
2019-01-28,13.6506
2019-01-29,13.6193
2019-01-30,13.6043
2019-01-31,13.2678
2019-02-04,13.405
2019-02-05,13.3742
2019-02-06,13.4608
2019-02-07,13.6336
2019-02-11,13.7363
2019-02-12,13.7678
2019-02-13,13.8758
2019-02-14,14.17
2019-02-15,14.1218
2019-02-18,14.1016
2019-02-19,14.1668
2019-02-20,14.1381
2019-02-21,13.9633
2019-02-22,14.005
2019-02-25,13.8779
2019-02-26,13.865
2019-02-27,13.8625
2019-02-28,13.9698
2019-03-01,14.1813
2019-03-04,14.2421
2019-03-05,14.1683
2019-03-06,14.2046
2019-03-07,14.3301
2019-03-08,14.527
2019-03-12,14.2959
2019-03-13,14.3313
2019-03-14,14.5038
2019-03-15,14.4837
2019-03-18,14.3778
2019-03-19,14.415
2019-03-20,14.4251
2019-03-21,14.1948
2019-03-22,14.3752
2019-03-25,14.3927
2019-03-26,14.367
2019-03-27,14.586
2019-03-28,14.7033
2019-03-29,14.4764
2019-04-01,14.1665
2019-04-03,14.1528
2019-04-04,14.1508
2019-04-05,14.0726
2019-04-08,14.0994
2019-04-09,14.0299
2019-04-10,13.9543
2019-04-12,13.9238
2019-04-15,13.9832
2019-04-16,14.0466
2019-04-18,14.0873
2019-04-23,14.2006
2019-04-24,14.357
2019-04-25,14.531
2019-04-26,14.4149
2019-04-29,14.345
2019-05-02,14.4647
2019-05-03,14.5291
2019-05-06,14.5146
2019-05-07,14.4139
2019-05-08,14.3448
2019-05-09,14.3332
2019-05-10,14.2264
2019-05-13,14.3057
2019-05-14,14.23
2019-05-15,14.2735
2019-05-16,14.1529
2019-05-17,14.3812
2019-05-20,14.363
2019-05-21,14.4171
2019-05-22,14.3679
2019-05-23,14.4479
2019-05-24,14.4412
2019-05-27,14.4569
2019-05-28,14.6081
2019-05-29,14.815
2019-05-30,14.6418
2019-05-31,14.6923
2019-06-03,14.565
2019-06-04,14.6559
2019-06-05,14.7366
2019-06-06,14.8698
2019-06-07,15.052
2019-06-10,14.8653
2019-06-11,14.765
2019-06-12,14.7601
2019-06-13,14.8708
2019-06-14,14.7829
2019-06-17,14.8178
2019-06-18,14.6404
2019-06-19,14.5171
2019-06-21,14.3317
2019-06-25,14.3029
2019-06-26,14.3286
2019-06-27,14.1507
2019-07-01,14.1172
2019-07-02,14.1221
2019-07-03,14.1138
2019-07-04,13.9856
2019-07-05,14.1088
2019-07-08,14.1608
2019-07-09,14.1644
2019-07-10,14.16
2019-07-11,13.868
2019-07-12,13.9582
2019-07-15,13.8624
2019-07-16,13.8741
2019-07-17,13.9644
2019-07-18,13.9918
2019-07-19,13.9292
2019-07-22,13.8923
2019-07-24,13.9142
2019-07-25,13.9162
2019-07-26,14.1548
2019-07-29,14.2241
2019-07-30,14.1475
2019-07-31,14.226
2019-08-01,14.493
2019-08-02,14.7012
2019-08-05,14.9163
2019-08-06,14.806
2019-08-07,14.9568
2019-08-08,15.1448
2019-08-09,15.1866
2019-08-12,15.38
2019-08-13,15.3528
2019-08-14,15.3084
2019-08-15,15.2861
2019-08-16,15.1752
2019-08-19,15.3584
2019-08-20,15.3591
2019-08-21,15.1813
2019-08-22,15.1743
2019-08-23,15.2227
2019-08-26,15.2614
2019-08-27,15.2958
2019-08-28,15.3676
2019-08-29,15.2592
2019-08-30,15.25
2019-09-02,15.2103
2019-09-03,15.1344
2019-09-04,14.8601
2019-09-05,14.8096
2019-09-06,14.7645
2019-09-09,14.677
2019-09-10,14.6733
2019-09-11,14.6673
2019-09-12,14.5887
2019-09-13,14.5082
2019-09-17,14.7633
2019-09-18,14.6183
2019-09-19,14.6698
2019-09-20,14.8677
2019-09-23,14.8807
2019-09-24,14.8686
2019-09-25,15.0323
2019-09-26,14.9683
2019-09-27,15.0737
2019-09-30,15.2058
2019-10-01,15.2964
2019-10-02,15.2519
2019-10-03,15.1655
2019-10-04,15.1604
2019-10-07,15.1307
2019-10-08,15.2678
2019-10-09,15.1396
2019-10-10,15.1313
2019-10-11,14.849
2019-10-14,14.8022
2019-10-15,14.8624
2019-10-16,14.9777
2019-10-17,14.8731
2019-10-18,14.7672
2019-10-21,14.7526
2019-10-22,14.6754
2019-10-23,14.6738
2019-10-24,14.6255
2019-10-25,14.6202
2019-10-28,14.5397
2019-10-29,14.6229
2019-10-30,14.9117
2019-10-31,15.1623
2019-11-01,15.1073
2019-11-04,14.8141
2019-11-05,14.7516
2019-11-06,14.8019
2019-11-07,14.7362
2019-11-08,14.7835
2019-11-11,14.8673
2019-11-12,14.8283
2019-11-13,14.941
2019-11-14,14.8409
2019-11-15,14.7267
2019-11-18,14.7783
2019-11-19,14.7342
2019-11-20,14.7998
2019-11-21,14.6646
2019-11-22,14.715
2019-11-25,14.7404
2019-11-26,14.8261
2019-11-27,14.7048
2019-11-28,14.7477
2019-11-29,14.6783
2019-12-02,14.6757
2019-12-03,14.6557
2019-12-04,14.5496
2019-12-05,14.6723
2019-12-06,14.6234
2019-12-09,14.6077
2019-12-10,14.8164
2019-12-11,14.7641
2019-12-12,14.6582
2019-12-13,14.4436
2019-12-16,14.472
2019-12-17,14.4173
2019-12-18,14.368
2019-12-19,14.3186
2019-12-20,14.2323
2019-12-23,14.2307
2019-12-24,14.1935
2019-12-27,14.0455
2019-12-30,14.0672
2019-12-31,14.0442
2020-01-02,14.0709
2020-01-03,14.2838
2020-01-07,14.2968
2020-01-09,14.2069
2020-01-10,14.2531
2020-01-13,14.3761
2020-01-14,14.4196
2020-01-15,14.3796
2020-01-16,14.4354
2020-01-17,14.4564
2020-01-20,14.5282
2020-01-21,14.4758
2020-01-22,14.4075
2020-01-23,14.3813
2020-01-24,14.3711
2020-01-27,14.5516
2020-01-28,14.6523
2020-01-29,14.6095
2020-01-30,14.7496
2020-01-31,14.9204
2020-02-03,14.893
2020-02-04,14.7775
2020-02-05,14.7189
2020-02-06,14.8167
2020-02-07,14.9698
2020-02-10,15.0476
2020-02-11,14.8914
2020-02-12,14.7761
2020-02-13,14.8443
2020-02-14,14.8625
2020-02-17,14.9603
2020-02-18,15.051
2020-02-19,14.9468
2020-02-20,15.1034
2020-02-21,15.088
2020-02-24,15.1222
2020-02-25,15.189
2020-02-26,15.1315
2020-02-27,15.3612
2020-02-28,15.5745
2020-03-02,15.6628
2020-03-03,15.5838
2020-03-04,15.2615
2020-03-05,15.4417
2020-03-06,15.7475
2020-03-09,15.9653
2020-03-10,15.9435
2020-03-11,16.0639
2020-03-12,16.4099
2020-03-13,16.1415
2020-03-16,16.6355
2020-03-17,16.5988
2020-03-18,16.9768
2020-03-19,17.2947
2020-03-20,17.2903
2020-03-23,17.6333
2020-03-24,17.5924
2020-03-25,17.4081
2020-03-26,17.4378
2020-03-27,17.62
2020-03-30,17.8798
2020-03-31,17.8984
2020-04-01,17.9791
2020-04-02,18.5008
2020-04-03,18.7891
2020-04-06,18.8611
2020-04-07,18.359
2020-04-08,18.179
2020-04-09,18.0715
2020-04-14,18.2669
2020-04-15,18.7233
2020-04-16,18.5865
2020-04-17,18.7505
2020-04-20,18.7376
2020-04-21,18.9951
2020-04-22,18.8102
2020-04-23,19.0707
2020-04-24,18.9833
2020-04-27,18.8085
2020-04-28,18.655
2020-04-29,18.4317
2020-04-30,18.0739
2020-05-04,18.6364
2020-05-05,18.3545
2020-05-06,18.562
2020-05-07,18.6126
2020-05-08,18.4423
2020-05-11,18.4405
2020-05-12,18.1785
2020-05-13,18.3163
2020-05-14,18.6842
2020-05-15,18.5923
2020-05-18,18.3635
2020-05-19,18.2328
2020-05-20,18.0236
2020-05-21,17.8706
2020-05-22,17.6519
2020-05-25,17.6725
2020-05-26,17.3713
2020-05-27,17.4213
2020-05-28,17.4275
2020-05-29,17.4424
2020-06-01,17.4517
2020-06-02,17.2503
2020-06-03,17.0488
2020-06-04,16.8941
2020-06-05,16.8423
2020-06-08,16.8187
2020-06-09,16.7288
2020-06-10,16.5605
2020-06-11,16.8639
2020-06-12,17.0554
2020-06-15,17.1705
2020-06-16,17.0249
2020-06-17,17.1197
2020-06-18,17.4063
2020-06-19,17.3452
2020-06-22,17.3974
2020-06-23,17.2044
2020-06-24,17.3106
2020-06-25,17.4003
2020-06-26,17.2834
2020-06-29,17.2157
2020-06-30,17.3625
2020-07-01,17.2263
2020-07-02,16.9194
2020-07-03,17.0849
2020-07-06,17.0208
2020-07-07,17.0866
2020-07-08,16.9793
2020-07-09,16.8128
2020-07-10,16.9288
2020-07-13,16.7469
2020-07-14,16.7676
2020-07-15,16.5205
2020-07-16,16.6621
2020-07-17,16.6692
2020-07-20,16.7199
2020-07-21,16.4997
2020-07-22,16.369
2020-07-23,16.6136
2020-07-24,16.7428
2020-07-27,16.4439
2020-07-28,16.584
2020-07-29,16.4835
2020-07-30,16.7819
2020-07-31,16.9615
2020-08-03,17.2932
2020-08-04,17.4144
2020-08-05,17.2279
2020-08-06,17.5344
2020-08-07,17.5248
2020-08-10,17.7208
2020-08-11,17.5049
2020-08-12,17.4242
2020-08-13,17.4427
2020-08-14,17.4486
2020-08-17,17.4437
2020-08-18,17.3988
2020-08-19,17.1943
2020-08-20,17.227
2020-08-21,17.247
2020-08-24,16.9334
2020-08-25,16.7669
2020-08-26,16.795
2020-08-27,16.9643
2020-08-28,16.6873
2020-08-31,16.716
2020-09-01,16.6396
2020-09-02,16.7907
2020-09-03,16.7661
2020-09-04,16.5747
2020-09-07,16.7163
2020-09-08,16.9733
2020-09-09,16.7369
2020-09-10,16.7607
2020-09-11,16.7477
2020-09-14,16.6618
2020-09-15,16.4538
2020-09-16,16.322
2020-09-17,16.3324
2020-09-18,16.1852
2020-09-21,16.7486
2020-09-22,16.6762
2020-09-23,17.0721
2020-09-24,17.061
2020-09-25,17.105
2020-09-28,17.0441
2020-09-29,16.9787
2020-09-30,16.834
2020-10-01,16.6247
2020-10-02,16.539
2020-10-05,16.4384
2020-10-06,16.4926
2020-10-07,16.6349
2020-10-08,16.5742
2020-10-09,16.4744
2020-10-12,16.5107
2020-10-13,16.4966
2020-10-14,16.5019
2020-10-15,16.6976
2020-10-16,16.512
2020-10-19,16.4451
2020-10-20,16.5322
2020-10-21,16.4001
2020-10-22,16.3065
2020-10-23,16.1863
2020-10-26,16.2518
2020-10-27,16.1105
2020-10-28,16.3884
2020-10-29,16.4322
2020-10-30,16.2728
2020-11-02,16.218
2020-11-03,16.0384
2020-11-04,16.0473
2020-11-05,15.765
2020-11-06,15.7484
2020-11-09,15.2575
2020-11-11,15.6655
2020-11-12,15.6821
2020-11-13,15.5792
2020-11-16,15.4139
2020-11-17,15.4067
2020-11-18,15.4039
2020-11-19,15.4795
2020-11-20,15.358
2020-11-23,15.332
2020-11-24,15.3566
2020-11-25,15.2632
2020-11-26,15.2183
2020-11-27,15.321
2020-11-30,15.3799
2020-12-01,15.3168
2020-12-02,15.3803
2020-12-03,15.2642
2020-12-04,15.1883
2020-12-07,15.1916
2020-12-08,15.0371
2020-12-09,14.9274
2020-12-10,15.0025
2020-12-11,15.1262
2020-12-14,14.9925
2020-12-15,14.9431
2020-12-16,14.8638
2020-12-17,14.684
2020-12-18,14.577
2020-12-21,14.8566
2020-12-22,14.5881
2020-12-23,14.6223
2020-12-24,14.6192
2020-12-28,14.5681
2020-12-29,14.6546
2020-12-30,14.6611
2020-12-31,14.6866
2021-01-04,14.575
2021-01-05,15.0105
2021-01-06,15.0043
2021-01-07,15.3078
2021-01-08,15.2826
2021-01-11,15.4632
2021-01-12,15.3991
2021-01-13,15.3156
2021-01-14,15.1886
2021-01-15,15.2295
2021-01-18,15.3282
2021-01-19,14.9341
2021-01-20,14.9658
2021-01-21,14.8041
2021-01-22,15.1184
2021-01-25,15.2181
2021-01-26,15.1581
2021-01-27,15.2203
2021-01-28,15.2473
2021-01-29,15.0839
2021-02-01,15.026
2021-02-02,14.9508
2021-02-03,14.9298
2021-02-04,15.0298
2021-02-05,14.9718
2021-02-08,14.944
2021-02-09,14.7846
2021-02-10,14.7028
2021-02-11,14.6154
2021-02-12,14.6483
2021-02-16,14.5387
2021-02-17,14.78
2021-02-18,14.5318
2021-02-19,14.6133
2021-02-22,14.8959
2021-02-23,14.708
2021-02-24,14.4676
2021-02-25,14.814
2021-02-26,14.9348
2021-03-01,15.0583
2021-03-02,15.0776
2021-03-03,14.9463
2021-03-04,15.0346
2021-03-05,15.2973
2021-03-08,15.4713
2021-03-10,15.2825
2021-03-11,14.8782
2021-03-12,14.9589
2021-03-15,14.8755
2021-03-16,14.8471
2021-03-17,14.8803
2021-03-18,14.792
2021-03-19,14.7213
2021-03-22,14.7289
2021-03-23,14.7958
2021-03-25,14.9849
2021-03-26,15.0098
2021-03-29,15.0139
2021-03-30,14.9388
2021-03-31,14.7961
2021-04-01,14.6496
2021-04-06,14.5106
2021-04-07,14.5408
2021-04-08,14.5437
2021-04-09,14.5609
2021-04-12,14.6067
2021-04-13,14.6459
2021-04-14,14.4591
2021-04-15,14.24
2021-04-16,14.2639
2021-04-19,14.2416
2021-04-20,14.2965
2021-04-21,14.2792
2021-04-23,14.2606
2021-04-26,14.269
2021-04-27,14.3434
2021-04-28,14.346
2021-04-29,14.2429
2021-04-30,14.3912
2021-05-03,14.4431
2021-05-04,14.5107
2021-05-05,14.4117
2021-05-06,14.2687
2021-05-07,14.2518
2021-05-10,14.0392
2021-05-11,13.9562
2021-05-12,13.9754
2021-05-13,14.159
2021-05-14,14.0825
2021-05-17,14.1698
2021-05-18,13.9778
2021-05-20,14.0653
2021-05-21,13.9383
2021-05-24,13.9717
2021-05-25,13.8284
2021-05-26,13.8427
2021-05-27,13.7438
2021-05-28,13.8317
2021-05-31,13.7672
2021-06-01,13.7656
2021-06-02,13.7263
2021-06-03,13.5569
2021-06-04,13.6522
2021-06-07,13.4783
2021-06-08,13.5112
2021-06-10,13.6431
2021-06-11,13.5903
2021-06-14,13.8011
2021-06-15,13.776
2021-06-16,13.7417
2021-06-17,14.0787
2021-06-18,14.1388
2021-06-21,14.2505
2021-06-22,14.3292
2021-06-23,14.1735
2021-06-24,14.245
2021-06-25,14.0886
2021-06-28,14.2608
2021-06-29,14.3439
2021-06-30,14.3145
2021-07-01,14.2834
2021-07-02,14.4453
2021-07-05,14.2266
2021-07-06,14.2151
2021-07-07,14.2563
2021-07-08,14.4073
2021-07-09,14.2317
2021-07-12,14.4677
2021-07-13,14.5842
2021-07-14,14.644
2021-07-15,14.5675
2021-07-16,14.3908
2021-07-19,14.5114
2021-07-20,14.5519
2021-07-21,14.6798
2021-07-22,14.5604
2021-07-23,14.7771
2021-07-26,14.8338
2021-07-27,14.8461
2021-07-29,14.5807
2021-07-30,14.5726
2021-08-02,14.3861
2021-08-03,14.388
2021-08-04,14.2662
2021-08-05,14.3656
2021-08-06,14.4815
2021-08-09,14.631
2021-08-10,14.8102
2021-08-11,14.7914
2021-08-12,14.7185
2021-08-13,14.8373
2021-08-16,14.7683
2021-08-17,14.8225
2021-08-18,14.873
2021-08-19,15.1765
2021-08-20,15.3157
2021-08-23,15.2089
2021-08-24,15.0683
2021-08-25,14.9796
2021-08-26,14.9078
2021-08-27,14.91
2021-08-30,14.624
2021-08-31,14.5582
2021-09-01,14.4311
2021-09-02,14.3409
2021-09-06,14.2511
2021-09-07,14.3148
2021-09-08,14.2757
2021-09-09,14.1458
2021-09-10,14.072
2021-09-13,14.1853
2021-09-14,14.2286
2021-09-15,14.2907
2021-09-16,14.4983
2021-09-17,14.5918
2021-09-20,14.7981
2021-09-21,14.86
2021-09-22,14.7811
2021-09-23,14.6189
2021-09-24,14.9717
2021-09-27,15.0606
2021-09-28,15.0967
2021-09-29,15.0343
2021-09-30,15.1679
2021-10-01,14.9525
2021-10-04,14.8819
2021-10-05,14.9795
2021-10-06,15.124
2021-10-07,14.8827
2021-10-08,14.8897
2021-10-11,14.9566
2021-10-12,14.9416
2021-10-13,14.8711
2021-10-14,14.7923
2021-10-15,14.6961
2021-10-18,14.755
2021-10-19,14.5863
2021-10-20,14.4805
2021-10-21,14.5411
2021-10-22,14.6712
2021-10-25,14.7861
2021-10-26,14.7451
2021-10-27,14.9724
2021-10-28,15.143
2021-10-29,15.238
2021-11-01,15.3266
2021-11-02,15.4407
2021-11-03,15.4269
2021-11-04,15.2041
2021-11-05,15.1957
2021-11-08,15.0027
2021-11-09,15.0267
2021-11-10,15.1665
2021-11-11,15.2509
2021-11-12,15.2794
2021-11-15,15.1647
2021-11-16,15.2337
2021-11-17,15.4804
2021-11-18,15.6202
2021-11-19,15.7495
2021-11-22,15.7651
2021-11-23,15.8531
2021-11-24,15.8913
2021-11-25,15.8761
2021-11-26,16.1587
2021-11-29,16.1856
2021-11-30,16.0406
2021-12-01,15.8221
2021-12-02,15.8437
2021-12-03,15.8984
2021-12-06,15.968
2021-12-07,15.957
2021-12-08,15.7685
2021-12-09,15.9305
2021-12-10,16.0041
2021-12-13,15.9331
2021-12-14,16.0243
2021-12-15,16.1584
2021-12-16,15.9775
2021-12-17,15.8235
2021-12-20,15.814
2021-12-21,15.8499
2021-12-23,15.7179
2021-12-24,15.536
2021-12-27,15.5241
2021-12-28,15.7191
2021-12-29,15.8782
2021-12-30,15.8967
2021-12-31,15.9478
2022-01-03,15.8222
2022-01-04,16.0546
2022-01-05,15.8467
2022-01-06,15.7253
2022-01-07,15.64
2022-01-10,15.6387
2022-01-11,15.6223
2022-01-12,15.4481
2022-01-13,15.387
2022-01-14,15.379
2022-01-17,15.4354
2022-01-18,15.4305
2022-01-19,15.3274
2022-01-20,15.2171
2022-01-21,15.1168
2022-01-24,15.2609
2022-01-25,15.3238
2022-01-26,15.151
2022-01-27,15.3326
2022-01-28,15.6082
2022-01-31,15.5731
2022-02-01,15.2427
2022-02-02,15.3192
2022-02-03,15.3167
2022-02-04,15.3415
2022-02-07,15.4626
2022-02-08,15.4611
2022-02-09,15.3285
2022-02-10,15.1305
2022-02-11,15.1297
2022-02-14,15.1387
2022-02-15,15.1403
2022-02-16,15.1372
2022-02-17,14.9422
2022-02-18,15.0483
2022-02-21,15.161
2022-02-22,15.1444
2022-02-23,15.0307
2022-02-24,15.3753
2022-02-25,15.185
2022-02-28,15.4356
2022-03-01,15.4224
2022-03-02,15.4785
2022-03-03,15.24
2022-03-04,15.376
2022-03-07,15.3236
2022-03-08,15.337
2022-03-09,15.1515
2022-03-11,15.0042
2022-03-14,15.0574
2022-03-15,15.1259
2022-03-16,15.0604
2022-03-17,14.9567
2022-03-18,15.0206
2022-03-21,14.907
2022-03-22,14.8249
2022-03-23,14.793
2022-03-24,14.7092
2022-03-25,14.5779
2022-03-28,14.5837
2022-03-29,14.5967
2022-03-30,14.4965
2022-03-31,14.5687
2022-04-01,14.6295
2022-04-04,14.6258
2022-04-05,14.5436
2022-04-06,14.6419
2022-04-07,14.705
2022-04-08,14.7287
2022-04-11,14.5988
2022-04-12,14.5926
2022-04-13,14.4855
2022-04-14,14.6471
2022-04-19,14.8478
2022-04-20,15.0525
2022-04-21,15.2472
2022-04-22,15.5914
2022-04-25,15.6848
2022-04-26,15.7192
2022-04-27,15.9129
2022-04-28,15.9725
2022-04-29,15.7944
2022-05-02,15.9049
2022-05-03,15.9438
2022-05-04,15.8094
2022-05-05,15.6947
2022-05-06,16.0467
2022-05-09,16.2262
2022-05-10,16.1124
2022-05-11,16.0405
2022-05-12,16.2189
2022-05-13,16.1569
2022-05-16,16.2344
2022-05-17,15.9795
2022-05-18,15.8997
2022-05-19,15.9919
2022-05-20,15.8014
2022-05-23,15.7085
2022-05-24,15.6543
2022-05-25,15.7309
2022-05-26,15.828
2022-05-27,15.6184
2022-05-30,15.4664
2022-05-31,15.6305
2022-06-01,15.505
2022-06-02,15.539
2022-06-03,15.4849
2022-06-06,15.3032
2022-06-07,15.3873
2022-06-08,15.3297
2022-06-09,15.278
2022-06-10,15.6182
2022-06-13,16.0756
2022-06-14,16.0696
2022-06-15,16.0206
2022-06-16,15.9665
2022-06-17,15.9387
2022-06-20,16.0315
2022-06-22,15.9666
2022-06-23,16.0269
2022-06-24,15.8815
2022-06-27,15.8879
2022-06-28,16.0091
2022-06-29,16.0973
2022-06-30,16.3804
2022-07-01,16.4339
2022-07-04,16.2865
2022-07-05,16.4376
2022-07-06,16.7285
2022-07-07,16.736
2022-07-08,16.9165
2022-07-11,16.9968
2022-07-12,17.0792
2022-07-13,16.9392
2022-07-14,17.1934
2022-07-15,17.1861
2022-07-18,17.1582
2022-07-19,17.0395
2022-07-20,17.053
2022-07-21,17.1777
2022-07-22,16.8802
2022-07-25,16.7548
2022-07-26,16.8777
2022-07-27,16.8782
2022-07-28,16.7962
2022-07-29,16.5353
2022-08-01,16.4774
2022-08-02,16.6099
2022-08-03,16.8023
2022-08-04,16.7323
2022-08-05,16.6463
2022-08-08,16.6383
2022-08-09,16.6602
2022-08-10,16.4639
2022-08-11,16.162
2022-08-12,16.2682
2022-08-15,16.4174
2022-08-16,16.4402
2022-08-18,16.7031
2022-08-19,17.0089
2022-08-22,17.0749
2022-08-23,17.0815
2022-08-24,17.0099
2022-08-25,16.8408
2022-08-26,16.7877
2022-08-29,16.9128
2022-08-30,16.7996
2022-08-31,17.0667
2022-09-01,17.1455
2022-09-02,17.2912
2022-09-05,17.2258
2022-09-07,17.459
2022-09-08,17.3641
2022-09-09,17.2906
2022-09-12,17.0576
2022-09-13,17.0135
2022-09-15,17.5423
2022-09-16,17.6817
2022-09-19,17.7444
2022-09-20,17.751
2022-09-21,17.6538
2022-09-22,17.555
2022-09-23,17.8238
2022-09-26,18.0642
2022-09-27,17.8724
2022-09-28,18.078
2022-09-29,17.9751
2022-09-30,17.9886
2022-10-03,18.0122
2022-10-04,17.737
2022-10-05,17.7739
2022-10-06,17.8265
2022-10-07,17.9873
2022-10-10,18.1361
2022-10-11,18.1171
2022-10-12,18.2234
2022-10-13,18.2948
2022-10-14,18.2085
2022-10-17,18.1506
2022-10-18,18.0889
2022-10-19,18.2388
2022-10-20,18.2556
2022-10-21,18.5016
2022-10-24,18.3357
2022-10-25,18.4779
2022-10-26,17.9798
2022-10-27,18.0852
2022-10-28,18.1419
2022-10-31,18.3312
2022-11-01,18.076
2022-11-02,18.1276
2022-11-03,18.4736
2022-11-04,18.0291
2022-11-07,17.7707
2022-11-08,17.8468
2022-11-09,17.8076
2022-11-10,17.7699
2022-11-11,17.2627
2022-11-14,17.2878
2022-11-15,17.1878
2022-11-16,17.3065
2022-11-17,17.5367
2022-11-18,17.2757
2022-11-21,17.3588
2022-11-22,17.2832
2022-11-23,17.1528
2022-11-24,17.0216
2022-11-25,17.1255
2022-11-28,17.1438
2022-11-29,16.9812
2022-11-30,16.9399
2022-12-01,17.7342
2022-12-02,17.3419
2022-12-05,17.1945
2022-12-06,17.3134
2022-12-07,17.2241
2022-12-08,17.1333
2022-12-09,17.2704
2022-12-12,17.4869
2022-12-13,17.7198
2022-12-14,17.1437
2022-12-15,17.2864
2022-12-16,17.5824
2022-12-19,17.2744
2022-12-20,17.3827
2022-12-21,17.2555
2022-12-22,17.1389
2022-12-23,17.0446
2022-12-27,17.2422
2022-12-28,17.1889
2022-12-29,17.0877
2022-12-30,16.9685
2023-01-02,17.0101
2023-01-04,16.827
2023-01-05,17.0974
2023-01-06,17.3421
2023-01-09,17.0212
2023-01-10,17.0712
2023-01-11,17.0119
2023-01-12,16.8415
2023-01-13,16.8746
2023-01-16,17.0597
2023-01-17,17.1564
2023-01-18,16.972
2023-01-19,17.2844
2023-01-20,17.1596
2023-01-23,17.1647
2023-01-24,17.2856
2023-01-25,17.1672
2023-01-26,17.0837
2023-01-27,17.2283
2023-01-30,17.3246
2023-01-31,17.4673
2023-02-01,17.2873
2023-02-02,17.0228
2023-02-03,17.155
2023-02-06,17.5402
2023-02-07,17.6398
2023-02-08,17.618
2023-02-09,17.6524
2023-02-10,17.8516
2023-02-13,17.936
2023-02-14,17.8136
2023-02-15,18.0272
2023-02-16,18.137
2023-02-17,18.1318
2023-02-20,18.1254
2023-02-21,18.2463
2023-02-22,18.2307
2023-02-23,18.2815
2023-02-24,18.4714
2023-02-27,18.436
2023-02-28,18.4121
2023-03-01,18.1364
2023-03-02,18.2189
2023-03-03,18.1665
2023-03-06,18.1935
2023-03-07,18.3755
2023-03-08,18.5769
2023-03-09,18.6259
2023-03-10,18.3497
2023-03-13,18.1716
2023-03-14,18.0619
2023-03-15,18.4084
2023-03-16,18.3822
2023-03-17,18.3553
2023-03-20,18.4623
2023-03-21,18.5281
2023-03-22,18.4079
2023-03-23,18.1806
2023-03-24,18.2182
2023-03-27,18.3211
2023-03-28,18.1744
2023-03-29,18.1151
2023-03-30,18.047
2023-03-31,17.7724
2023-04-03,17.8664
2023-04-04,17.8345
2023-04-05,17.9257
2023-04-06,18.2253
2023-04-11,18.2497
2023-04-12,18.4334
2023-04-13,18.1307
2023-04-14,18.0295
2023-04-17,18.1165
2023-04-18,18.1643
2023-04-19,18.2757
2023-04-20,18.1425
2023-04-21,18.1242
2023-04-24,18.1309
2023-04-25,18.2816
2023-04-26,18.3966
2023-04-27,18.244
2023-05-02,18.373
2023-05-03,18.2613
2023-05-04,18.1831
2023-05-05,18.3712
2023-05-08,18.3519
2023-05-09,18.4323
2023-05-10,18.7215
2023-05-11,18.9826
2023-05-12,19.2279
2023-05-15,19.0787
2023-05-16,19.0699
2023-05-17,19.2806
2023-05-18,19.3924
2023-05-19,19.3236
2023-05-22,19.3254
2023-05-23,19.2894
2023-05-24,19.2378
2023-05-25,19.3265
2023-05-26,19.547
2023-05-29,19.6556
2023-05-30,19.664
2023-05-31,19.7838
2023-06-01,19.7784
2023-06-02,19.4611
2023-06-05,19.3508
2023-06-06,19.2446
2023-06-07,19.0342
2023-06-08,18.9327
2023-06-09,18.7208
2023-06-12,18.5629
2023-06-13,18.6315
2023-06-14,18.4217
2023-06-15,18.4169
2023-06-16,18.1489
2023-06-19,18.1741
2023-06-20,18.268
2023-06-21,18.3814
2023-06-22,18.4415
2023-06-23,18.711
2023-06-26,18.606
2023-06-27,18.4668
2023-06-28,18.7265
2023-06-29,18.7091
2023-06-30,18.938
2023-07-03,18.7577
2023-07-04,18.6462
2023-07-05,18.7416
2023-07-06,18.9265
2023-07-07,19.0963
2023-07-10,18.8499
2023-07-11,18.6505
2023-07-12,18.4513
2023-07-13,18.0782
2023-07-14,18.0046
2023-07-17,18.0392
2023-07-18,17.9049
2023-07-19,17.9175
2023-07-20,17.8307
2023-07-21,18.0149
2023-07-24,17.8377
2023-07-25,17.5781
2023-07-26,17.7051
2023-07-27,17.5135
2023-07-28,17.6484
2023-07-31,17.7366
2023-08-01,18.1175
2023-08-02,18.3505
2023-08-03,18.6334
2023-08-04,18.6561
2023-08-07,18.6062
2023-08-08,18.9026
2023-08-09,19.0481
2023-08-10,18.7739
2023-08-11,18.8241
2023-08-14,19.0192
2023-08-15,19.2028
2023-08-16,19.116
2023-08-17,19.0294
2023-08-18,19.0605
2023-08-21,18.9549
2023-08-22,18.7315
2023-08-23,18.7043
2023-08-24,18.679
2023-08-25,18.651
2023-08-28,18.6528
2023-08-29,18.5597
2023-08-30,18.5716
2023-09-01,18.6933
2023-09-04,18.9427
2023-09-05,19.2004
2023-09-06,19.2369
2023-09-07,19.1615
2023-09-08,19.0929
2023-09-11,18.8997
2023-09-12,18.9751
2023-09-13,18.9416
2023-09-14,18.9292
2023-09-15,19.0439
2023-09-18,19.0331
2023-09-19,18.9331
2023-09-20,18.8367
2023-09-21,18.9488
2023-09-22,18.7818
2023-09-25,18.7539
2023-09-26,18.9901
2023-09-27,19.1932
2023-09-28,19.1384
2023-09-29,18.861
2023-10-02,19.1368
2023-10-03,19.3333
2023-10-04,19.2836
2023-10-05,19.5592
2023-10-06,19.4017
2023-10-09,19.3809
2023-10-10,19.1627
2023-10-11,18.8948
2023-10-12,18.8417
2023-10-13,18.9677
2023-10-16,18.7957
2023-10-18,18.8279
2023-10-19,19.1315
2023-10-20,19.0596
2023-10-23,19.062
2023-10-24,19.1093
2023-10-25,19.1396
2023-10-26,19.0825
2023-10-27,18.9126
2023-10-30,18.7582
2023-10-31,18.7877
2023-11-01,18.6342
2023-11-02,18.3562
2023-11-03,18.3404
2023-11-06,18.2617
2023-11-07,18.39
2023-11-08,18.4884
2023-11-09,18.6069
2023-11-10,18.7494
2023-11-13,18.746
2023-11-14,18.7141
2023-11-15,18.1383
2023-11-16,18.3167
2023-11-17,18.3273
2023-11-21,18.3843
2023-11-23,18.8275
2023-11-24,18.8998
2023-11-27,18.6367
2023-11-28,18.7076
2023-11-29,18.5162
2023-11-30,18.818
2023-12-01,18.697
2023-12-04,18.7367
2023-12-05,18.9258
2023-12-06,18.9646
2023-12-07,18.7596
2023-12-08,18.8977
2023-12-11,19.0983
2023-12-12,18.9097
2023-12-13,19.085
2023-12-14,18.5631
2023-12-15,18.2533
2023-12-18,18.5318
2023-12-19,18.4793
2023-12-20,18.3763
2023-12-21,18.3338
2023-12-22,18.4224
2023-12-27,18.4627
2023-12-28,18.5352
2023-12-29,18.4145
2024-01-02,18.5889
2024-01-03,18.8048
2024-01-04,18.6497
2024-01-05,18.8179
2024-01-09,18.6819
2024-01-11,18.5974
2024-01-12,18.6812
2024-01-15,18.667
2024-01-16,18.8872
2024-01-17,19.0613
2024-01-18,18.9398
2024-01-19,19.0034
2024-01-22,19.1781
2024-01-23,19.0416
2024-01-24,18.8326
2024-01-25,18.8938
2024-01-26,18.7894
2024-01-30,18.8945
2024-01-31,18.7543
2024-02-01,18.7109
2024-02-02,18.6502
2024-02-05,19.0052
2024-02-06,18.9212
2024-02-07,18.9022
2024-02-08,18.9561
2024-02-09,19.0169
2024-02-12,18.9975
2024-02-13,18.8252
2024-02-14,19.0404
2024-02-15,19.0236
2024-02-16,18.8874
2024-02-19,18.9597
2024-02-20,18.9474
2024-02-21,18.8223
2024-02-22,19.0603
2024-02-23,19.2607
2024-02-26,19.3052
2024-02-27,19.1341
2024-02-28,19.2321
2024-02-29,19.3063
2024-03-01,19.1769
2024-03-04,19.0282
2024-03-05,18.975
2024-03-06,18.8882
2024-03-07,18.7811
2024-03-08,18.6425
2024-03-11,18.6967
2024-03-12,18.6781
2024-03-13,18.6982
2024-03-14,18.6416
2024-03-15,18.6853
2024-03-18,18.9001
2024-03-19,18.9276
2024-03-20,18.8667
2024-03-21,18.7201
2024-03-22,18.9966
2024-03-25,18.91
2024-03-26,18.912
2024-03-27,18.9275
2024-03-28,18.9834
2024-04-02,18.8297
2024-04-03,18.7953
2024-04-04,18.6786
2024-04-08,18.6242
2024-04-09,18.4835
2024-04-10,18.4945
2024-04-11,18.7911
2024-04-12,18.7671
2024-04-15,18.963
2024-04-16,18.9997
2024-04-17,19.059
2024-04-18,19.0523
2024-04-19,19.2237
2024-04-22,19.1375
2024-04-23,19.2374
2024-04-24,19.1896
2024-04-25,18.972
2024-04-26,18.8576
2024-04-29,18.7034
2024-04-30,18.7236
2024-05-02,18.6661
2024-05-03,18.5175
2024-05-07,18.4959
2024-05-08,18.6549
2024-05-09,18.5293
2024-05-10,18.4315
2024-05-14,18.4175
2024-05-15,18.3782
2024-05-16,18.2138
2024-05-17,18.2652
2024-05-20,18.2352
2024-05-21,18.1291
2024-05-22,18.2331
2024-05-23,18.3451
2024-05-24,18.4046
2024-05-27,18.4111
2024-05-28,18.3278
2024-05-29,18.3292
2024-05-31,18.6998
2024-06-03,18.6801
2024-06-04,18.6829
2024-06-05,18.9358
2024-06-06,18.9857
2024-06-07,18.7943
2024-06-10,18.7086
2024-06-11,18.5996
2024-06-13,18.3962
2024-06-14,18.3435
2024-06-17,18.2844
2024-06-18,18.1333
2024-06-19,18.0251
2024-06-20,18.1049
2024-06-21,17.8931
2024-06-24,18.1847
2024-06-25,18.1573
2024-06-26,18.1722
2024-06-27,18.3815
2024-06-28,18.213
2024-07-01,18.1494
2024-07-02,18.4697
2024-07-03,18.5025
2024-07-04,18.321
2024-07-05,18.2346
2024-07-08,18.1469
2024-07-09,18.1746
2024-07-10,18.0675
2024-07-11,18.0811
2024-07-12,17.9922
2024-07-15,18.1832
2024-07-16,18.0762
2024-07-17,18.1793
2024-07-18,18.2022
2024-07-19,18.3308
2024-07-22,18.2722
2024-07-23,18.4227
2024-07-24,18.3132
2024-07-25,18.4914
2024-07-26,18.2432
2024-07-29,18.4008
2024-07-30,18.368
2024-07-31,18.2305
2024-08-01,18.1791
2024-08-02,18.1862
2024-08-05,18.5765
2024-08-06,18.4718
2024-08-07,18.3428
2024-08-08,18.3888
2024-08-09,18.3356
2024-08-12,18.2194
2024-08-13,18.1704
2024-08-14,18.0839
2024-08-15,18.0078
2024-08-16,17.9182
2024-08-19,17.8381
2024-08-20,17.8
2024-08-21,17.8353
2024-08-22,17.9829
2024-08-23,17.9472
2024-08-26,17.7656
2024-08-27,17.7283
2024-08-28,17.7972
2024-08-29,17.7084
2024-08-30,17.6205
2024-09-02,17.9157
2024-09-03,17.9742
2024-09-04,17.9183
2024-09-05,17.785
2024-09-06,17.7317
2024-09-09,17.899
2024-09-10,17.9008
2024-09-11,17.875
2024-09-12,17.9478
2024-09-13,17.7949
2024-09-16,17.6413
2024-09-17,17.6334
2024-09-18,17.5774
2024-09-19,17.4304
2024-09-20,17.525
2024-09-23,17.3804
2024-09-24,17.3241
2024-09-25,17.146
2024-09-26,17.2461
2024-09-27,17.126
2024-09-30,17.172
2024-10-01,17.2817
2024-10-02,17.3973
2024-10-03,17.485
2024-10-04,17.482
2024-10-07,17.3901
2024-10-08,17.4635
2024-10-09,17.64
2024-10-10,17.5989
2024-10-11,17.4658
2024-10-14,17.5555
2024-10-15,17.5778
2024-10-16,17.5537
2024-10-17,17.7256
2024-10-18,17.5873
2024-10-21,17.615
2024-10-22,17.5755
2024-10-23,17.6795
2024-10-24,17.6743
2024-10-25,17.6099
2024-10-28,17.7368
2024-10-29,17.7337
2024-10-30,17.7101
2024-10-31,17.6318
2024-11-01,17.5573
2024-11-04,17.5393
2024-11-05,17.4614
2024-11-06,17.7505
2024-11-07,17.3693
2024-11-11,17.8548
2024-11-12,18.045
2024-11-13,18.0079
2024-11-14,18.3363
2024-11-15,18.1757
2024-11-18,18.0788
2024-11-19,18.0535
2024-11-20,18.1089
2024-11-21,18.0775
2024-11-22,18.0505
2024-11-25,18.065
2024-11-27,18.1456
2024-11-28,18.1522
2024-11-29,18.0626
2024-12-02,18.182
2024-12-03,18.1035
2024-12-04,18.1738
2024-12-05,18.0671
2024-12-06,18.0584
2024-12-09,17.8194
2024-12-10,17.8782
2024-12-11,17.7781
2024-12-12,17.6939
2024-12-13,17.8866
2024-12-16,17.8788
2024-12-17,18.1286
2024-12-19,18.3117
2024-12-20,18.3931
2024-12-23,18.478
2024-12-24,18.5948
2024-12-27,18.7119
2024-12-30,18.7372
2024-12-31,18.8842
2025-01-02,18.6725
2025-01-03,18.7355
2025-01-06,18.4849
2025-01-07,18.591
2025-01-08,18.8953
2025-01-09,18.8776
2025-01-10,19.0378
2025-01-13,19.1445
2025-01-14,18.95
2025-01-15,18.8659
2025-01-16,18.891
2025-01-17,18.7695
2025-01-20,18.7457
2025-01-21,18.6035
2025-01-22,18.4695
2025-01-23,18.5643
2025-01-27,18.6645
2025-01-28,18.6968
2025-01-29,18.6658
2025-01-30,18.5272
2025-01-31,18.6268
2025-02-03,18.8286
2025-02-04,18.7781
2025-02-05,18.5672
2025-02-06,18.6122
2025-02-07,18.4278
2025-02-11,18.4903
2025-02-12,18.4569
2025-02-13,18.5246
2025-02-14,18.3771
2025-02-17,18.439
2025-02-18,18.4367
2025-02-19,18.5258
2025-02-21,18.3899
2025-02-24,18.3487
2025-02-25,18.3731
2025-02-26,18.3901
2025-02-27,18.4162
2025-02-28,18.4341
2025-03-03,18.64
2025-03-04,18.5251
2025-03-06,18.3011
2025-03-07,18.1732
2025-03-10,18.2415
2025-03-11,18.2631
2025-03-12,18.3952
2025-03-13,18.4283
2025-03-14,18.1681
2025-03-17,18.1415
2025-03-18,18.0513
2025-03-19,18.1197
2025-03-20,18.1909
2025-03-21,18.1796
2025-03-24,18.1234
2025-03-25,18.1646
2025-03-26,18.2586
2025-03-27,18.2718
2025-03-28,18.1637
2025-03-31,18.3802
2025-04-01,18.3297
2025-04-02,18.6096
2025-04-03,18.8808
2025-04-04,19.0639
2025-04-07,19.3982
2025-04-08,19.3425
2025-04-09,19.7157
2025-04-10,19.4252
2025-04-11,19.2834
2025-04-14,18.9268
2025-04-15,18.9456
2025-04-16,18.8507
2025-04-17,18.8319
2025-04-22,18.6232
2025-04-23,18.601
2025-04-24,18.7096
2025-04-25,18.8087
2025-04-28,18.6283
2025-04-29,18.5474
2025-04-30,18.5615
2025-05-02,18.3779
2025-05-05,18.3091
2025-05-06,18.2649
2025-05-07,18.2887
2025-05-08,18.15
2025-05-09,18.2048
2025-05-13,18.3828
2025-05-14,18.2486
2025-05-15,18.0787
2025-05-16,18.1052
2025-05-19,18.0474
2025-05-20,17.9762
2025-05-21,17.9145
2025-05-22,18.0264
2025-05-23,17.9851
2025-05-26,17.8482
2025-05-27,17.9148
2025-05-28,17.912
2025-05-29,17.8513
2025-05-30,17.8975
2025-06-02,17.9289
2025-06-03,17.9088
2025-06-04,17.8479
2025-06-05,17.7502
2025-06-06,17.7671
2025-06-09,17.7397
2025-06-10,17.6726
2025-06-11,17.7626
2025-06-12,17.8101
2025-06-13,18.0125
2025-06-16,17.7812
2025-06-17,17.8173
2025-06-18,18.0761
2025-06-19,18.0894
2025-06-20,17.9896
2025-06-23,18.1076
2025-06-24,17.7341
2025-06-25,17.7953
2025-06-26,17.7999
2025-06-27,17.8025
2025-06-30,17.7824
2025-07-01,17.5843
2025-07-02,17.658
2025-07-03,17.5267
2025-07-04,17.6222
2025-07-07,17.7515
2025-07-08,17.7846
2025-07-09,17.8398
2025-07-10,17.7727
2025-07-11,17.9611
2025-07-14,17.8691
2025-07-15,17.8123
2025-07-16,17.9124
2025-07-17,17.8988
2025-07-18,17.7124
2025-07-21,17.7141
2025-07-22,17.5776
2025-07-23,17.561
2025-07-24,17.597
2025-07-29,17.965
2025-07-30,17.8685
2025-07-31,18.119
2025-08-01,18.3234
2025-08-04,18.0216
2025-08-06,17.8137
2025-08-07,17.7248
2025-08-08,17.7095
2025-08-11,17.7663
2025-08-12,17.715
2025-08-13,17.516
2025-08-15,17.5856
2025-08-18,17.6133
2025-08-19,17.616
2025-08-20,17.7023
2025-08-21,17.7026
2025-08-22,17.6292
2025-08-25,17.5549
2025-08-27,17.7624
2025-08-28,17.6276
2025-08-29,17.7355
2025-09-01,17.58
2025-09-02,17.7263
2025-09-03,17.6298
2025-09-04,17.7917
2025-09-05,17.6661
2025-09-08,17.5674
2025-09-09,17.4847
2025-09-10,17.5707
2025-09-11,17.5456
2025-09-12,17.3861
2025-09-15,17.3219
2025-09-16,17.3583
2025-09-17,17.3862
2025-09-18,17.3532
2025-09-19,17.3858
2025-09-22,17.3041
2025-09-23,17.3187
2025-09-24,17.2967
2025-09-25,17.3482
2025-09-26,17.4503
2025-09-29,17.2882
2025-09-30,17.2745
2025-10-01,17.1836
2025-10-02,17.1856
2025-10-03,17.2567
2025-10-06,17.2487
2025-10-07,17.1987
2025-10-08,17.1867
2025-10-09,17.1023
2025-10-10,17.2132
2025-10-13,17.3636
2025-10-14,17.463
2025-10-15,17.3206
2025-10-16,17.3165
2025-10-17,17.3786
2025-10-20,17.3213
2025-10-21,17.3301
2025-10-22,17.4601
2025-10-23,17.3484
2025-10-24,17.3286
2025-10-27,17.1864
2025-10-28,17.2502
2025-10-29,17.1058
2025-10-30,17.3524
2025-10-31,17.349
2025-11-03,17.3088
2025-11-04,17.4693
2025-11-05,17.4434
2025-11-06,17.345
2025-11-07,17.348
2025-11-11,17.1662
2025-11-12,17.0462
2025-11-13,17.0028
2025-11-14,17.1326
2025-11-17,17.0774
2025-11-18,17.2348
2025-11-19,17.1569
2025-11-20,17.2388
2025-11-21,17.3585
2025-11-24,17.2801
2025-11-25,17.2176
2025-11-26,17.1424
2025-11-27,17.1731
2025-11-28,17.1159
2025-12-01,17.0756
2025-12-02,17.1037
2025-12-03,17.0812
2025-12-04,16.9809
2025-12-05,16.9316
2025-12-08,16.9642
2025-12-09,17.0715
2025-12-10,17.0274
2025-12-11,16.9409
2025-12-12,16.8559
2025-12-15,16.7772
2025-12-16,16.7599
2025-12-17,16.7333
2025-12-18,16.7773
2025-12-19,16.7764
2025-12-22,16.6993
2025-12-23,16.6345
2025-12-24,16.6362
2025-12-29,16.6556
2025-12-30,16.6344
2025-12-31,16.548
2026-01-02,16.514
2026-01-05,16.4839
2026-01-06,16.3963
2026-01-07,16.4543
2026-01-08,16.5149
2026-01-09,16.575
2026-01-12,16.3888
2026-01-13,16.454
2026-01-14,16.3952
2026-01-15,16.3721
2026-01-16,16.3882
